{"v":"5.5.7","fr":60,"ip":0,"op":180,"w":512,"h":512,"nm":"Comp 1","ddd":0,"assets":[],"layers":[{"ddd":0,"ind":1,"ty":4,"nm":"suv Outlines 4","sr":0.3,"ks":{"o":{"a":1,"k":[{"t":0,"s":[0],"h":1},{"t":90.3,"s":[100],"h":1}],"ix":11},"r":{"a":0,"k":0,"ix":10},"p":{"a":0,"k":[278.7555555555556,113.77777777777779,0],"ix":2},"a":{"a":0,"k":[256,256,0],"ix":1},"s":{"a":0,"k":[-10.370370370370372,10.370370370370372,100],"ix":6}},"ao":0,"shapes":[{"ty":"gr","it":[{"ind":0,"ty":"sh","ix":1,"ks":{"a":0,"k":{"i":[[28.559,21.148],[0,0],[23.98,-32.39],[-28.554,-21.14],[-12.594,0],[-15.266,20.602]],"o":[[0,0],[-28.597,-21.125],[-23.957,32.406],[10.414,7.715],[21.949,0],[23.953,-32.406]],"v":[[47.596,-53.895],[47.583,-53.906],[-47.763,-33.484],[-39.421,63.629],[-4.107,75.031],[55.944,43.227]],"c":true},"ix":2},"nm":"Path 1","mn":"ADBE Vector Shape - Group","hd":false},{"ty":"fl","c":{"a":0,"k":[0,0,0,1],"ix":4},"o":{"a":0,"k":100,"ix":5},"r":1,"bm":0,"nm":"Fill 1","mn":"ADBE Vector Graphic - Fill","hd":false},{"ty":"tr","p":{"a":0,"k":[440.279,268.332],"ix":2},"a":{"a":0,"k":[0,0],"ix":1},"s":{"a":0,"k":[100,100],"ix":3},"r":{"a":0,"k":0,"ix":6},"o":{"a":0,"k":100,"ix":7},"sk":{"a":0,"k":0,"ix":4},"sa":{"a":0,"k":0,"ix":5},"nm":"Transform"}],"nm":"Group 1","np":4,"cix":2,"bm":0,"ix":1,"mn":"ADBE Vector Group","hd":false},{"ty":"gr","it":[{"ind":0,"ty":"sh","ix":1,"ks":{"a":0,"k":{"i":[[-36.137,-12.016],[0,0],[-6.48,0],[-11.246,33.828],[7.25,17.911],[17.945,5.965],[17.301,-10.476],[6.468,-19.473]],"o":[[0,0],[6.379,2.117],[30.242,0],[6.477,-19.473],[-7.586,-18.75],[-17.949,-5.965],[-16.528,10.008],[-13.653,41.078]],"v":[[-21.189,75.922],[-21.185,75.922],[-1.819,79.051],[69.143,23.211],[67.944,-34.762],[28.354,-73.086],[-26.306,-66.086],[-61.966,-20.367]],"c":true},"ix":2},"nm":"Path 1","mn":"ADBE Vector Shape - Group","hd":false},{"ty":"fl","c":{"a":0,"k":[0,0,0,1],"ix":4},"o":{"a":0,"k":100,"ix":5},"r":1,"bm":0,"nm":"Fill 1","mn":"ADBE Vector Graphic - Fill","hd":false},{"ty":"tr","p":{"a":0,"k":[350.686,148.516],"ix":2},"a":{"a":0,"k":[0,0],"ix":1},"s":{"a":0,"k":[100,100],"ix":3},"r":{"a":0,"k":0,"ix":6},"o":{"a":0,"k":100,"ix":7},"sk":{"a":0,"k":0,"ix":4},"sa":{"a":0,"k":0,"ix":5},"nm":"Transform"}],"nm":"Group 2","np":2,"cix":2,"bm":0,"ix":2,"mn":"ADBE Vector Group","hd":false},{"ty":"gr","it":[{"ind":0,"ty":"sh","ix":1,"ks":{"a":0,"k":{"i":[[-41.465,0],[0,47.246],[41.469,0],[0,-47.257]],"o":[[41.469,0],[0,-47.257],[-41.465,0],[0,47.246]],"v":[[-0.004,85.693],[75.203,0.01],[-0.004,-85.693],[-75.203,0.01]],"c":true},"ix":2},"nm":"Path 1","mn":"ADBE Vector Shape - Group","hd":false},{"ty":"fl","c":{"a":0,"k":[0,0,0,1],"ix":4},"o":{"a":0,"k":100,"ix":5},"r":1,"bm":0,"nm":"Fill 1","mn":"ADBE Vector Graphic - Fill","hd":false},{"ty":"tr","p":{"a":0,"k":[199.617,117.693],"ix":2},"a":{"a":0,"k":[0,0],"ix":1},"s":{"a":0,"k":[100,100],"ix":3},"r":{"a":0,"k":0,"ix":6},"o":{"a":0,"k":100,"ix":7},"sk":{"a":0,"k":0,"ix":4},"sa":{"a":0,"k":0,"ix":5},"nm":"Transform"}],"nm":"Group 3","np":2,"cix":2,"bm":0,"ix":3,"mn":"ADBE Vector Group","hd":false},{"ty":"gr","it":[{"ind":0,"ty":"sh","ix":1,"ks":{"a":0,"k":{"i":[[-6.742,2.598],[-6.266,17.825],[6.856,17.812],[15.797,8.59],[16.488,-6.356],[-14.465,-37.652],[-27.246,0]],"o":[[16.516,-6.344],[5.965,-16.961],[-6.859,-17.801],[-16.593,-9.02],[-33.172,12.754],[11.555,29.969],[6.957,0]],"v":[[25.301,69.488],[60.629,32.012],[59.25,-21.91],[24.117,-62.831],[-27.195,-66.964],[-61.125,24.434],[4.625,73.321]],"c":true},"ix":2},"nm":"Path 1","mn":"ADBE Vector Shape - Group","hd":false},{"ty":"fl","c":{"a":0,"k":[0,0,0,1],"ix":4},"o":{"a":0,"k":100,"ix":5},"r":1,"bm":0,"nm":"Fill 1","mn":"ADBE Vector Graphic - Fill","hd":false},{"ty":"tr","p":{"a":0,"k":[66.594,201.75],"ix":2},"a":{"a":0,"k":[0,0],"ix":1},"s":{"a":0,"k":[100,100],"ix":3},"r":{"a":0,"k":0,"ix":6},"o":{"a":0,"k":100,"ix":7},"sk":{"a":0,"k":0,"ix":4},"sa":{"a":0,"k":0,"ix":5},"nm":"Transform"}],"nm":"Group 4","np":4,"cix":2,"bm":0,"ix":4,"mn":"ADBE Vector Group","hd":false},{"ty":"gr","it":[{"ind":0,"ty":"sh","ix":1,"ks":{"a":0,"k":{"i":[[0,0],[42.688,0],[23.035,-35.941],[0,0],[-1.168,-17.028],[-11.09,-12.985],[-16.644,-3.805],[-15.633,6.871],[0,0],[-39.234,-17.254],[-10.82,0],[-5.864,1.336],[-11.102,12.977],[-1.172,17.036],[9.211,14.375]],"o":[[-23.039,-35.941],[-42.687,0],[0,0],[-9.211,14.368],[1.168,17.031],[11.098,12.972],[16.645,3.805],[0,0],[39.336,-16.945],[10.121,4.449],[5.883,0],[16.644,-3.801],[11.093,-12.972],[1.172,-17.035],[0,0]],"v":[[104.963,-76.262],[-0.002,-133.664],[-104.963,-76.262],[-160.479,10.343],[-172.771,58.34],[-154.033,104.215],[-111.627,129.859],[-62.288,125.168],[-61.24,124.703],[62.279,125.168],[93.942,131.867],[111.607,129.863],[154.018,104.218],[172.768,58.347],[160.479,10.34]],"c":true},"ix":2},"nm":"Path 1","mn":"ADBE Vector Shape - Group","hd":false},{"ty":"fl","c":{"a":0,"k":[0,0,0,1],"ix":4},"o":{"a":0,"k":100,"ix":5},"r":1,"bm":0,"nm":"Fill 1","mn":"ADBE Vector Graphic - Fill","hd":false},{"ty":"tr","p":{"a":0,"k":[237.42,347.614],"ix":2},"a":{"a":0,"k":[0,0],"ix":1},"s":{"a":0,"k":[100,100],"ix":3},"r":{"a":0,"k":0,"ix":6},"o":{"a":0,"k":100,"ix":7},"sk":{"a":0,"k":0,"ix":4},"sa":{"a":0,"k":0,"ix":5},"nm":"Transform"}],"nm":"Group 5","np":2,"cix":2,"bm":0,"ix":5,"mn":"ADBE Vector Group","hd":false}],"ip":0,"op":900,"st":0,"bm":0},{"ddd":0,"ind":2,"ty":4,"nm":"suv Outlines 2","sr":0.3,"ks":{"o":{"a":1,"k":[{"t":0,"s":[0],"h":1},{"t":54,"s":[100],"h":1}],"ix":11},"r":{"a":0,"k":0,"ix":10},"p":{"a":0,"k":[271.1703703703704,305.3037037037038,0],"ix":2},"a":{"a":0,"k":[256,256,0],"ix":1},"s":{"a":0,"k":[-10.370370370370372,10.370370370370372,100],"ix":6}},"ao":0,"shapes":[{"ty":"gr","it":[{"ind":0,"ty":"sh","ix":1,"ks":{"a":0,"k":{"i":[[28.559,21.148],[0,0],[23.98,-32.39],[-28.554,-21.14],[-12.594,0],[-15.266,20.602]],"o":[[0,0],[-28.597,-21.125],[-23.957,32.406],[10.414,7.715],[21.949,0],[23.953,-32.406]],"v":[[47.596,-53.895],[47.583,-53.906],[-47.763,-33.484],[-39.421,63.629],[-4.107,75.031],[55.944,43.227]],"c":true},"ix":2},"nm":"Path 1","mn":"ADBE Vector Shape - Group","hd":false},{"ty":"fl","c":{"a":0,"k":[0,0,0,1],"ix":4},"o":{"a":0,"k":100,"ix":5},"r":1,"bm":0,"nm":"Fill 1","mn":"ADBE Vector Graphic - Fill","hd":false},{"ty":"tr","p":{"a":0,"k":[440.279,268.332],"ix":2},"a":{"a":0,"k":[0,0],"ix":1},"s":{"a":0,"k":[100,100],"ix":3},"r":{"a":0,"k":0,"ix":6},"o":{"a":0,"k":100,"ix":7},"sk":{"a":0,"k":0,"ix":4},"sa":{"a":0,"k":0,"ix":5},"nm":"Transform"}],"nm":"Group 1","np":4,"cix":2,"bm":0,"ix":1,"mn":"ADBE Vector Group","hd":false},{"ty":"gr","it":[{"ind":0,"ty":"sh","ix":1,"ks":{"a":0,"k":{"i":[[-36.137,-12.016],[0,0],[-6.48,0],[-11.246,33.828],[7.25,17.911],[17.945,5.965],[17.301,-10.476],[6.468,-19.473]],"o":[[0,0],[6.379,2.117],[30.242,0],[6.477,-19.473],[-7.586,-18.75],[-17.949,-5.965],[-16.528,10.008],[-13.653,41.078]],"v":[[-21.189,75.922],[-21.185,75.922],[-1.819,79.051],[69.143,23.211],[67.944,-34.762],[28.354,-73.086],[-26.306,-66.086],[-61.966,-20.367]],"c":true},"ix":2},"nm":"Path 1","mn":"ADBE Vector Shape - Group","hd":false},{"ty":"fl","c":{"a":0,"k":[0,0,0,1],"ix":4},"o":{"a":0,"k":100,"ix":5},"r":1,"bm":0,"nm":"Fill 1","mn":"ADBE Vector Graphic - Fill","hd":false},{"ty":"tr","p":{"a":0,"k":[350.686,148.516],"ix":2},"a":{"a":0,"k":[0,0],"ix":1},"s":{"a":0,"k":[100,100],"ix":3},"r":{"a":0,"k":0,"ix":6},"o":{"a":0,"k":100,"ix":7},"sk":{"a":0,"k":0,"ix":4},"sa":{"a":0,"k":0,"ix":5},"nm":"Transform"}],"nm":"Group 2","np":2,"cix":2,"bm":0,"ix":2,"mn":"ADBE Vector Group","hd":false},{"ty":"gr","it":[{"ind":0,"ty":"sh","ix":1,"ks":{"a":0,"k":{"i":[[-41.465,0],[0,47.246],[41.469,0],[0,-47.257]],"o":[[41.469,0],[0,-47.257],[-41.465,0],[0,47.246]],"v":[[-0.004,85.693],[75.203,0.01],[-0.004,-85.693],[-75.203,0.01]],"c":true},"ix":2},"nm":"Path 1","mn":"ADBE Vector Shape - Group","hd":false},{"ty":"fl","c":{"a":0,"k":[0,0,0,1],"ix":4},"o":{"a":0,"k":100,"ix":5},"r":1,"bm":0,"nm":"Fill 1","mn":"ADBE Vector Graphic - Fill","hd":false},{"ty":"tr","p":{"a":0,"k":[199.617,117.693],"ix":2},"a":{"a":0,"k":[0,0],"ix":1},"s":{"a":0,"k":[100,100],"ix":3},"r":{"a":0,"k":0,"ix":6},"o":{"a":0,"k":100,"ix":7},"sk":{"a":0,"k":0,"ix":4},"sa":{"a":0,"k":0,"ix":5},"nm":"Transform"}],"nm":"Group 3","np":2,"cix":2,"bm":0,"ix":3,"mn":"ADBE Vector Group","hd":false},{"ty":"gr","it":[{"ind":0,"ty":"sh","ix":1,"ks":{"a":0,"k":{"i":[[-6.742,2.598],[-6.266,17.825],[6.856,17.812],[15.797,8.59],[16.488,-6.356],[-14.465,-37.652],[-27.246,0]],"o":[[16.516,-6.344],[5.965,-16.961],[-6.859,-17.801],[-16.593,-9.02],[-33.172,12.754],[11.555,29.969],[6.957,0]],"v":[[25.301,69.488],[60.629,32.012],[59.25,-21.91],[24.117,-62.831],[-27.195,-66.964],[-61.125,24.434],[4.625,73.321]],"c":true},"ix":2},"nm":"Path 1","mn":"ADBE Vector Shape - Group","hd":false},{"ty":"fl","c":{"a":0,"k":[0,0,0,1],"ix":4},"o":{"a":0,"k":100,"ix":5},"r":1,"bm":0,"nm":"Fill 1","mn":"ADBE Vector Graphic - Fill","hd":false},{"ty":"tr","p":{"a":0,"k":[66.594,201.75],"ix":2},"a":{"a":0,"k":[0,0],"ix":1},"s":{"a":0,"k":[100,100],"ix":3},"r":{"a":0,"k":0,"ix":6},"o":{"a":0,"k":100,"ix":7},"sk":{"a":0,"k":0,"ix":4},"sa":{"a":0,"k":0,"ix":5},"nm":"Transform"}],"nm":"Group 4","np":4,"cix":2,"bm":0,"ix":4,"mn":"ADBE Vector Group","hd":false},{"ty":"gr","it":[{"ind":0,"ty":"sh","ix":1,"ks":{"a":0,"k":{"i":[[0,0],[42.688,0],[23.035,-35.941],[0,0],[-1.168,-17.028],[-11.09,-12.985],[-16.644,-3.805],[-15.633,6.871],[0,0],[-39.234,-17.254],[-10.82,0],[-5.864,1.336],[-11.102,12.977],[-1.172,17.036],[9.211,14.375]],"o":[[-23.039,-35.941],[-42.687,0],[0,0],[-9.211,14.368],[1.168,17.031],[11.098,12.972],[16.645,3.805],[0,0],[39.336,-16.945],[10.121,4.449],[5.883,0],[16.644,-3.801],[11.093,-12.972],[1.172,-17.035],[0,0]],"v":[[104.963,-76.262],[-0.002,-133.664],[-104.963,-76.262],[-160.479,10.343],[-172.771,58.34],[-154.033,104.215],[-111.627,129.859],[-62.288,125.168],[-61.24,124.703],[62.279,125.168],[93.942,131.867],[111.607,129.863],[154.018,104.218],[172.768,58.347],[160.479,10.34]],"c":true},"ix":2},"nm":"Path 1","mn":"ADBE Vector Shape - Group","hd":false},{"ty":"fl","c":{"a":0,"k":[0,0,0,1],"ix":4},"o":{"a":0,"k":100,"ix":5},"r":1,"bm":0,"nm":"Fill 1","mn":"ADBE Vector Graphic - Fill","hd":false},{"ty":"tr","p":{"a":0,"k":[237.42,347.614],"ix":2},"a":{"a":0,"k":[0,0],"ix":1},"s":{"a":0,"k":[100,100],"ix":3},"r":{"a":0,"k":0,"ix":6},"o":{"a":0,"k":100,"ix":7},"sk":{"a":0,"k":0,"ix":4},"sa":{"a":0,"k":0,"ix":5},"nm":"Transform"}],"nm":"Group 5","np":2,"cix":2,"bm":0,"ix":5,"mn":"ADBE Vector Group","hd":false}],"ip":0,"op":900,"st":0,"bm":0},{"ddd":0,"ind":3,"ty":4,"nm":"suv Outlines 3","sr":0.3,"ks":{"o":{"a":1,"k":[{"t":0,"s":[0],"h":1},{"t":72.3,"s":[100],"h":1}],"ix":11},"r":{"a":0,"k":0,"ix":10},"p":{"a":0,"k":[191.52592592592595,216.17777777777778,0],"ix":2},"a":{"a":0,"k":[256,256,0],"ix":1},"s":{"a":0,"k":[10.370370370370372,10.370370370370372,100],"ix":6}},"ao":0,"shapes":[{"ty":"gr","it":[{"ind":0,"ty":"sh","ix":1,"ks":{"a":0,"k":{"i":[[28.559,21.148],[0,0],[23.98,-32.39],[-28.554,-21.14],[-12.594,0],[-15.266,20.602]],"o":[[0,0],[-28.597,-21.125],[-23.957,32.406],[10.414,7.715],[21.949,0],[23.953,-32.406]],"v":[[47.596,-53.895],[47.583,-53.906],[-47.763,-33.484],[-39.421,63.629],[-4.107,75.031],[55.944,43.227]],"c":true},"ix":2},"nm":"Path 1","mn":"ADBE Vector Shape - Group","hd":false},{"ty":"fl","c":{"a":0,"k":[0,0,0,1],"ix":4},"o":{"a":0,"k":100,"ix":5},"r":1,"bm":0,"nm":"Fill 1","mn":"ADBE Vector Graphic - Fill","hd":false},{"ty":"tr","p":{"a":0,"k":[440.279,268.332],"ix":2},"a":{"a":0,"k":[0,0],"ix":1},"s":{"a":0,"k":[100,100],"ix":3},"r":{"a":0,"k":0,"ix":6},"o":{"a":0,"k":100,"ix":7},"sk":{"a":0,"k":0,"ix":4},"sa":{"a":0,"k":0,"ix":5},"nm":"Transform"}],"nm":"Group 1","np":4,"cix":2,"bm":0,"ix":1,"mn":"ADBE Vector Group","hd":false},{"ty":"gr","it":[{"ind":0,"ty":"sh","ix":1,"ks":{"a":0,"k":{"i":[[-36.137,-12.016],[0,0],[-6.48,0],[-11.246,33.828],[7.25,17.911],[17.945,5.965],[17.301,-10.476],[6.468,-19.473]],"o":[[0,0],[6.379,2.117],[30.242,0],[6.477,-19.473],[-7.586,-18.75],[-17.949,-5.965],[-16.528,10.008],[-13.653,41.078]],"v":[[-21.189,75.922],[-21.185,75.922],[-1.819,79.051],[69.143,23.211],[67.944,-34.762],[28.354,-73.086],[-26.306,-66.086],[-61.966,-20.367]],"c":true},"ix":2},"nm":"Path 1","mn":"ADBE Vector Shape - Group","hd":false},{"ty":"fl","c":{"a":0,"k":[0,0,0,1],"ix":4},"o":{"a":0,"k":100,"ix":5},"r":1,"bm":0,"nm":"Fill 1","mn":"ADBE Vector Graphic - Fill","hd":false},{"ty":"tr","p":{"a":0,"k":[350.686,148.516],"ix":2},"a":{"a":0,"k":[0,0],"ix":1},"s":{"a":0,"k":[100,100],"ix":3},"r":{"a":0,"k":0,"ix":6},"o":{"a":0,"k":100,"ix":7},"sk":{"a":0,"k":0,"ix":4},"sa":{"a":0,"k":0,"ix":5},"nm":"Transform"}],"nm":"Group 2","np":2,"cix":2,"bm":0,"ix":2,"mn":"ADBE Vector Group","hd":false},{"ty":"gr","it":[{"ind":0,"ty":"sh","ix":1,"ks":{"a":0,"k":{"i":[[-41.465,0],[0,47.246],[41.469,0],[0,-47.257]],"o":[[41.469,0],[0,-47.257],[-41.465,0],[0,47.246]],"v":[[-0.004,85.693],[75.203,0.01],[-0.004,-85.693],[-75.203,0.01]],"c":true},"ix":2},"nm":"Path 1","mn":"ADBE Vector Shape - Group","hd":false},{"ty":"fl","c":{"a":0,"k":[0,0,0,1],"ix":4},"o":{"a":0,"k":100,"ix":5},"r":1,"bm":0,"nm":"Fill 1","mn":"ADBE Vector Graphic - Fill","hd":false},{"ty":"tr","p":{"a":0,"k":[199.617,117.693],"ix":2},"a":{"a":0,"k":[0,0],"ix":1},"s":{"a":0,"k":[100,100],"ix":3},"r":{"a":0,"k":0,"ix":6},"o":{"a":0,"k":100,"ix":7},"sk":{"a":0,"k":0,"ix":4},"sa":{"a":0,"k":0,"ix":5},"nm":"Transform"}],"nm":"Group 3","np":2,"cix":2,"bm":0,"ix":3,"mn":"ADBE Vector Group","hd":false},{"ty":"gr","it":[{"ind":0,"ty":"sh","ix":1,"ks":{"a":0,"k":{"i":[[-6.742,2.598],[-6.266,17.825],[6.856,17.812],[15.797,8.59],[16.488,-6.356],[-14.465,-37.652],[-27.246,0]],"o":[[16.516,-6.344],[5.965,-16.961],[-6.859,-17.801],[-16.593,-9.02],[-33.172,12.754],[11.555,29.969],[6.957,0]],"v":[[25.301,69.488],[60.629,32.012],[59.25,-21.91],[24.117,-62.831],[-27.195,-66.964],[-61.125,24.434],[4.625,73.321]],"c":true},"ix":2},"nm":"Path 1","mn":"ADBE Vector Shape - Group","hd":false},{"ty":"fl","c":{"a":0,"k":[0,0,0,1],"ix":4},"o":{"a":0,"k":100,"ix":5},"r":1,"bm":0,"nm":"Fill 1","mn":"ADBE Vector Graphic - Fill","hd":false},{"ty":"tr","p":{"a":0,"k":[66.594,201.75],"ix":2},"a":{"a":0,"k":[0,0],"ix":1},"s":{"a":0,"k":[100,100],"ix":3},"r":{"a":0,"k":0,"ix":6},"o":{"a":0,"k":100,"ix":7},"sk":{"a":0,"k":0,"ix":4},"sa":{"a":0,"k":0,"ix":5},"nm":"Transform"}],"nm":"Group 4","np":4,"cix":2,"bm":0,"ix":4,"mn":"ADBE Vector Group","hd":false},{"ty":"gr","it":[{"ind":0,"ty":"sh","ix":1,"ks":{"a":0,"k":{"i":[[0,0],[42.688,0],[23.035,-35.941],[0,0],[-1.168,-17.028],[-11.09,-12.985],[-16.644,-3.805],[-15.633,6.871],[0,0],[-39.234,-17.254],[-10.82,0],[-5.864,1.336],[-11.102,12.977],[-1.172,17.036],[9.211,14.375]],"o":[[-23.039,-35.941],[-42.687,0],[0,0],[-9.211,14.368],[1.168,17.031],[11.098,12.972],[16.645,3.805],[0,0],[39.336,-16.945],[10.121,4.449],[5.883,0],[16.644,-3.801],[11.093,-12.972],[1.172,-17.035],[0,0]],"v":[[104.963,-76.262],[-0.002,-133.664],[-104.963,-76.262],[-160.479,10.343],[-172.771,58.34],[-154.033,104.215],[-111.627,129.859],[-62.288,125.168],[-61.24,124.703],[62.279,125.168],[93.942,131.867],[111.607,129.863],[154.018,104.218],[172.768,58.347],[160.479,10.34]],"c":true},"ix":2},"nm":"Path 1","mn":"ADBE Vector Shape - Group","hd":false},{"ty":"fl","c":{"a":0,"k":[0,0,0,1],"ix":4},"o":{"a":0,"k":100,"ix":5},"r":1,"bm":0,"nm":"Fill 1","mn":"ADBE Vector Graphic - Fill","hd":false},{"ty":"tr","p":{"a":0,"k":[237.42,347.614],"ix":2},"a":{"a":0,"k":[0,0],"ix":1},"s":{"a":0,"k":[100,100],"ix":3},"r":{"a":0,"k":0,"ix":6},"o":{"a":0,"k":100,"ix":7},"sk":{"a":0,"k":0,"ix":4},"sa":{"a":0,"k":0,"ix":5},"nm":"Transform"}],"nm":"Group 5","np":2,"cix":2,"bm":0,"ix":5,"mn":"ADBE Vector Group","hd":false}],"ip":0,"op":900,"st":0,"bm":0},{"ddd":0,"ind":4,"ty":4,"nm":"suv Outlines","sr":0.3,"ks":{"o":{"a":1,"k":[{"t":0,"s":[0],"h":1},{"t":36,"s":[100],"h":1}],"ix":11},"r":{"a":0,"k":0,"ix":10},"p":{"a":0,"k":[189.62962962962965,402.0148148148149,0],"ix":2},"a":{"a":0,"k":[256,256,0],"ix":1},"s":{"a":0,"k":[10.370370370370372,10.370370370370372,100],"ix":6}},"ao":0,"shapes":[{"ty":"gr","it":[{"ind":0,"ty":"sh","ix":1,"ks":{"a":0,"k":{"i":[[28.559,21.148],[0,0],[23.98,-32.39],[-28.554,-21.14],[-12.594,0],[-15.266,20.602]],"o":[[0,0],[-28.597,-21.125],[-23.957,32.406],[10.414,7.715],[21.949,0],[23.953,-32.406]],"v":[[47.596,-53.895],[47.583,-53.906],[-47.763,-33.484],[-39.421,63.629],[-4.107,75.031],[55.944,43.227]],"c":true},"ix":2},"nm":"Path 1","mn":"ADBE Vector Shape - Group","hd":false},{"ty":"fl","c":{"a":0,"k":[0,0,0,1],"ix":4},"o":{"a":0,"k":100,"ix":5},"r":1,"bm":0,"nm":"Fill 1","mn":"ADBE Vector Graphic - Fill","hd":false},{"ty":"tr","p":{"a":0,"k":[440.279,268.332],"ix":2},"a":{"a":0,"k":[0,0],"ix":1},"s":{"a":0,"k":[100,100],"ix":3},"r":{"a":0,"k":0,"ix":6},"o":{"a":0,"k":100,"ix":7},"sk":{"a":0,"k":0,"ix":4},"sa":{"a":0,"k":0,"ix":5},"nm":"Transform"}],"nm":"Group 1","np":4,"cix":2,"bm":0,"ix":1,"mn":"ADBE Vector Group","hd":false},{"ty":"gr","it":[{"ind":0,"ty":"sh","ix":1,"ks":{"a":0,"k":{"i":[[-36.137,-12.016],[0,0],[-6.48,0],[-11.246,33.828],[7.25,17.911],[17.945,5.965],[17.301,-10.476],[6.468,-19.473]],"o":[[0,0],[6.379,2.117],[30.242,0],[6.477,-19.473],[-7.586,-18.75],[-17.949,-5.965],[-16.528,10.008],[-13.653,41.078]],"v":[[-21.189,75.922],[-21.185,75.922],[-1.819,79.051],[69.143,23.211],[67.944,-34.762],[28.354,-73.086],[-26.306,-66.086],[-61.966,-20.367]],"c":true},"ix":2},"nm":"Path 1","mn":"ADBE Vector Shape - Group","hd":false},{"ty":"fl","c":{"a":0,"k":[0,0,0,1],"ix":4},"o":{"a":0,"k":100,"ix":5},"r":1,"bm":0,"nm":"Fill 1","mn":"ADBE Vector Graphic - Fill","hd":false},{"ty":"tr","p":{"a":0,"k":[350.686,148.516],"ix":2},"a":{"a":0,"k":[0,0],"ix":1},"s":{"a":0,"k":[100,100],"ix":3},"r":{"a":0,"k":0,"ix":6},"o":{"a":0,"k":100,"ix":7},"sk":{"a":0,"k":0,"ix":4},"sa":{"a":0,"k":0,"ix":5},"nm":"Transform"}],"nm":"Group 2","np":2,"cix":2,"bm":0,"ix":2,"mn":"ADBE Vector Group","hd":false},{"ty":"gr","it":[{"ind":0,"ty":"sh","ix":1,"ks":{"a":0,"k":{"i":[[-41.465,0],[0,47.246],[41.469,0],[0,-47.257]],"o":[[41.469,0],[0,-47.257],[-41.465,0],[0,47.246]],"v":[[-0.004,85.693],[75.203,0.01],[-0.004,-85.693],[-75.203,0.01]],"c":true},"ix":2},"nm":"Path 1","mn":"ADBE Vector Shape - Group","hd":false},{"ty":"fl","c":{"a":0,"k":[0,0,0,1],"ix":4},"o":{"a":0,"k":100,"ix":5},"r":1,"bm":0,"nm":"Fill 1","mn":"ADBE Vector Graphic - Fill","hd":false},{"ty":"tr","p":{"a":0,"k":[199.617,117.693],"ix":2},"a":{"a":0,"k":[0,0],"ix":1},"s":{"a":0,"k":[100,100],"ix":3},"r":{"a":0,"k":0,"ix":6},"o":{"a":0,"k":100,"ix":7},"sk":{"a":0,"k":0,"ix":4},"sa":{"a":0,"k":0,"ix":5},"nm":"Transform"}],"nm":"Group 3","np":2,"cix":2,"bm":0,"ix":3,"mn":"ADBE Vector Group","hd":false},{"ty":"gr","it":[{"ind":0,"ty":"sh","ix":1,"ks":{"a":0,"k":{"i":[[-6.742,2.598],[-6.266,17.825],[6.856,17.812],[15.797,8.59],[16.488,-6.356],[-14.465,-37.652],[-27.246,0]],"o":[[16.516,-6.344],[5.965,-16.961],[-6.859,-17.801],[-16.593,-9.02],[-33.172,12.754],[11.555,29.969],[6.957,0]],"v":[[25.301,69.488],[60.629,32.012],[59.25,-21.91],[24.117,-62.831],[-27.195,-66.964],[-61.125,24.434],[4.625,73.321]],"c":true},"ix":2},"nm":"Path 1","mn":"ADBE Vector Shape - Group","hd":false},{"ty":"fl","c":{"a":0,"k":[0,0,0,1],"ix":4},"o":{"a":0,"k":100,"ix":5},"r":1,"bm":0,"nm":"Fill 1","mn":"ADBE Vector Graphic - Fill","hd":false},{"ty":"tr","p":{"a":0,"k":[66.594,201.75],"ix":2},"a":{"a":0,"k":[0,0],"ix":1},"s":{"a":0,"k":[100,100],"ix":3},"r":{"a":0,"k":0,"ix":6},"o":{"a":0,"k":100,"ix":7},"sk":{"a":0,"k":0,"ix":4},"sa":{"a":0,"k":0,"ix":5},"nm":"Transform"}],"nm":"Group 4","np":4,"cix":2,"bm":0,"ix":4,"mn":"ADBE Vector Group","hd":false},{"ty":"gr","it":[{"ind":0,"ty":"sh","ix":1,"ks":{"a":0,"k":{"i":[[0,0],[42.688,0],[23.035,-35.941],[0,0],[-1.168,-17.028],[-11.09,-12.985],[-16.644,-3.805],[-15.633,6.871],[0,0],[-39.234,-17.254],[-10.82,0],[-5.864,1.336],[-11.102,12.977],[-1.172,17.036],[9.211,14.375]],"o":[[-23.039,-35.941],[-42.687,0],[0,0],[-9.211,14.368],[1.168,17.031],[11.098,12.972],[16.645,3.805],[0,0],[39.336,-16.945],[10.121,4.449],[5.883,0],[16.644,-3.801],[11.093,-12.972],[1.172,-17.035],[0,0]],"v":[[104.963,-76.262],[-0.002,-133.664],[-104.963,-76.262],[-160.479,10.343],[-172.771,58.34],[-154.033,104.215],[-111.627,129.859],[-62.288,125.168],[-61.24,124.703],[62.279,125.168],[93.942,131.867],[111.607,129.863],[154.018,104.218],[172.768,58.347],[160.479,10.34]],"c":true},"ix":2},"nm":"Path 1","mn":"ADBE Vector Shape - Group","hd":false},{"ty":"fl","c":{"a":0,"k":[0,0,0,1],"ix":4},"o":{"a":0,"k":100,"ix":5},"r":1,"bm":0,"nm":"Fill 1","mn":"ADBE Vector Graphic - Fill","hd":false},{"ty":"tr","p":{"a":0,"k":[237.42,347.614],"ix":2},"a":{"a":0,"k":[0,0],"ix":1},"s":{"a":0,"k":[100,100],"ix":3},"r":{"a":0,"k":0,"ix":6},"o":{"a":0,"k":100,"ix":7},"sk":{"a":0,"k":0,"ix":4},"sa":{"a":0,"k":0,"ix":5},"nm":"Transform"}],"nm":"Group 5","np":2,"cix":2,"bm":0,"ix":5,"mn":"ADBE Vector Group","hd":false}],"ip":0,"op":900,"st":0,"bm":0},{"ddd":0,"ind":5,"ty":4,"nm":"Shape Layer 1","sr":1,"ks":{"o":{"a":0,"k":100,"ix":11},"r":{"a":0,"k":0,"ix":10},"p":{"a":0,"k":[256.00000000000006,256.00000000000006,0],"ix":2},"a":{"a":0,"k":[0,0,0],"ix":1},"s":{"a":0,"k":[47.40740740740741,47.40740740740741,100],"ix":6}},"ao":0,"shapes":[{"ty":"gr","it":[{"ty":"rc","d":1,"s":{"a":0,"k":[1936,1096],"ix":2},"p":{"a":0,"k":[0,0],"ix":3},"r":{"a":0,"k":0,"ix":4},"nm":"Rectangle Path 1","mn":"ADBE Vector Shape - Rect","hd":false},{"ty":"st","c":{"a":0,"k":[1,1,1,1],"ix":3},"o":{"a":0,"k":100,"ix":4},"w":{"a":0,"k":0,"ix":5},"lc":1,"lj":1,"ml":4,"bm":0,"nm":"Stroke 1","mn":"ADBE Vector Graphic - Stroke","hd":false},{"ty":"fl","c":{"a":0,"k":[1,1,1,1],"ix":4},"o":{"a":0,"k":100,"ix":5},"r":1,"bm":0,"nm":"Fill 1","mn":"ADBE Vector Graphic - Fill","hd":false},{"ty":"tr","p":{"a":0,"k":[-8,-8],"ix":2},"a":{"a":0,"k":[0,0],"ix":1},"s":{"a":0,"k":[100,100],"ix":3},"r":{"a":0,"k":0,"ix":6},"o":{"a":0,"k":100,"ix":7},"sk":{"a":0,"k":0,"ix":4},"sa":{"a":0,"k":0,"ix":5},"nm":"Transform"}],"nm":"Rectangle 1","np":3,"cix":2,"bm":0,"ix":1,"mn":"ADBE Vector Group","hd":false}],"ip":3000,"op":3000,"st":0,"bm":0,"hidden":0}],"markers":[]}